#,"Country,Other",TotalCases,NewCases,TotalDeaths,NewDeaths,TotalRecovered,NewRecovered,ActiveCases,"Serious,Critical",Tot Cases/1M pop,Deaths/1M pop,TotalTests,Tests/,1M pop,,Population,Continent,1 Caseevery X ppl1 Deathevery X ppl1 Testevery X ppl,New Cases/1M pop,New Deaths/1M pop,Active Cases/1M pop
1,USA,"96,959,165",,"1,074,787 ",,"92,951,124",,"2,933,254","3,811",,,"1,108,019,371",, ,North America,,,,
2,India,"44,482,411",,"528,090 ",,"43,900,204",,"54,117",698,"31,557",375,"888,394,283","630,243","1,409,606,749 ",Asia,"322,6692",,,38
3,France,"34,663,106",,"154,437 ",,"34,165,485",,"343,184",869,"528,493","2,355","271,490,188","4,139,293","65,588,541 ",Europe,24250,,,"5,232"
4,Brazil,"34,549,915",,"684,784 ",,"33,546,726",,"318,405","8,318","160,060","3,172","63,776,166","295,457","215,855,777 ",South America,63153,,,"1,475"
5,Germany,"32,422,084",,"148,217 ",,"31,599,700",,"674,167","1,406","384,292","1,757","122,332,384","1,449,980","84,368,297 ",Europe,35691,,,"7,991"
6,S. Korea,"23,933,949","+69,389","27,381 ",+68,"22,272,064","+58,982","1,634,504",493,"465,955",533,"15,804,065","307,679","51,365,414 ",Asia,"21,8763","1,351",1,"31,821"
7,UK,"23,554,519",,"189,026 ",,"23,257,608","+5,320","107,885",146,"343,041","2,753","522,526,476","7,609,912","68,663,931 ",Europe,33630,,,"1,571"
8,Italy,"22,004,612",,"176,098 ",,"21,313,083",,"515,431",185,"365,113","2,922","243,575,875","4,041,549","60,267,957 ",Europe,33420,,,"8,552"
9,Russia,"19,908,189",,"385,069 ",,"18,926,609",,"596,511","2,300","136,291","2,636","273,400,000","1,871,693","146,070,932 ",Europe,73791,,,"4,084"
10,Japan,"19,882,393","+112,404","42,101 ",+261,"18,501,301","+200,889","1,338,991",461,"158,259",335,"73,440,403","584,566","125,632,263 ",Asia,"62,9842",895,2,"10,658"
11,Turkey,"16,797,750",,"100,840 ",,"16,657,582","+6,554","39,328",975,"194,600","1,168","162,743,369","1,885,367","86,319,200 ",Asia,58561,,,456
12,Spain,"13,358,722",,"112,923 ",,"13,153,261",,"92,538",339,"285,478","2,413","471,036,328","10,066,111","46,794,273 ",Europe,44140,,,"1,978"
13,Vietnam,"11,431,823",,"43,126 ",,"10,261,401",,"1,127,296",154,"115,183",435,"85,826,548","864,756","99,249,408 ",Asia,"92,3011",,,"11,358"
14,Australia,"10,111,190","+7,613","14,359 ",+71,"10,015,182","+9,417","81,649",60,"386,729",549,"78,590,386","3,005,892","26,145,448 ",Australia/Oceania,"31,8210",291,3,"3,123"
15,Argentina,"9,689,861",,"129,769 ",,"9,514,529","+3,522","45,563",366,"210,189","2,815","35,716,069","774,742","46,100,621 ",South America,53551,,,988
16,Netherlands,"8,392,953",,"22,609 ",,"8,334,194","+2,168","36,150",28,"487,465","1,313","21,107,399","1,225,922","17,217,565 ",Europe,27621,,,"2,100"
17,Iran,"7,537,081",,"144,108 ",,"7,312,821",,"80,152",682,"87,297","1,669","53,730,223","622,319","86,338,755 ",Asia,115992,,,928
18,Mexico,"7,052,928","+2,973","329,705 ",+30,"6,313,497","+2,980","409,726","4,798","53,476","2,500","18,257,875","138,434","131,888,371 ",North America,194007,23,0.2,"3,107"
19,Indonesia,"6,385,140",,"157,729 ",,"6,189,607",,"37,804","2,771","22,818",564,"107,329,264","383,546","279,834,354 ",Asia,"441,7743",,,135
20,Colombia,"6,304,317",,"141,708 ",,"6,131,248",,"31,361",342,"121,083","2,722","36,413,329","699,366","52,066,220 ",South America,83671,,,602
21,Poland,"6,202,436",,"117,219 ",,"5,335,956",,"749,261","2,782","164,276","3,105","37,040,049","981,032","37,756,220 ",Europe,63221,,,"19,845"
22,Taiwan,"5,580,027",,"10,170 ",,"4,988,564",,"581,293",,"233,369",425,"24,754,313","1,035,278","23,910,795 ",Asia,"42,3511",,,"24,311"
23,Portugal,"5,438,351",,"24,905 ",,"5,344,456",,"68,990",61,"536,756","2,458","44,705,367","4,412,345","10,131,883 ",Europe,24070,,,"6,809"
24,Ukraine,"5,072,533",,"108,885 ",,"4,930,846","+1,301","32,802",177,"117,526","2,523","19,521,252","452,289","43,161,004 ",Europe,93962,,,760
25,Austria,"4,940,768",,"19,473 ",,"4,862,644",,"58,651",43,"541,840","2,136","196,126,215","21,508,600","9,118,502 ",Europe,24680,,,"6,432"
26,Greece,"4,804,982",,"32,757 ",,"4,722,812","+7,258","49,413",115,"465,958","3,177","92,282,015","8,948,941","10,312,060 ",Europe,23150,,,"4,792"
27,Malaysia,"4,799,663",,"36,270 ",,"4,735,993",,"27,400",64,"144,260","1,090","63,960,984","1,922,433","33,270,844 ",Asia,79171,,,824
28,DPRK,"4,772,813",,74 ,,"4,772,739",,0,,"183,392",3,,,"26,025,254 ",Asia,"5351,693",,,
29,Thailand,"4,665,347","+1,191","32,506 ",+20,"4,618,939","+1,327","13,902","1,496","66,475",463,"17,270,775","246,086","70,181,999 ",Asia,"152,1594",17,0.3,198
30,Israel,"4,640,220",,"11,648 ",,"4,619,111",,"9,461",266,"497,557","1,249","41,373,364","4,436,346","9,326,000 ",Asia,28010,,,"1,014"
31,Chile,"4,549,927",,"60,696 ",,"4,469,706",,"19,525",144,"233,639","3,117","44,361,914","2,277,983","19,474,208 ",South America,43210,,,"1,003"
32,Belgium,"4,492,773",,"32,561 ",,"4,418,234","+3,686","41,978",57,"384,009","2,783","35,342,498","3,020,817","11,699,648 ",Europe,33590,,,"3,588"
33,Canada,"4,179,337",,"44,085 ",,"4,062,243","+3,600","73,009",257,"108,655","1,146","64,423,248","1,674,891","38,464,135 ",North America,98721,,,"1,898"
34,Peru,"4,118,792",,"215,982 ",,"3,878,670",,"24,140",207,"121,233","6,357","34,539,182","1,016,633","33,974,075 ",South America,81571,,,711
35,Czechia,"4,054,262",,"40,883 ",,"3,996,621",,"16,758",29,"377,060","3,802","56,018,936","5,209,943","10,752,313 ",Europe,32630,,,"1,559"
36,Switzerland,"4,040,280",,"14,157 ",,"3,963,010","+4,323","63,113",55,"459,504","1,610","22,155,821","2,519,796","8,792,703 ",Europe,26210,,,"7,178"
37,South Africa,"4,013,721",,"102,129 ",,"3,905,937",,"5,655",192,"65,863","1,676","26,168,861","429,418","60,940,313 ",Africa,155972,,,93
38,Philippines,"3,898,882",,"62,206 ",,"3,812,644",,"24,032",697,"34,576",552,"32,397,507","287,305","112,763,557 ",Asia,"291,8133",,,213
39,Romania,"3,235,527",,"66,825 ",,"3,132,391",,"36,311",160,"170,669","3,525","24,780,845","1,307,148","18,957,951 ",Europe,62841,,,"1,915"
40,Denmark,"3,096,474",,"6,965 ",,"3,081,473",,"8,036",1,"530,518","1,193","128,252,647","21,973,509","5,836,694 ",Europe,28380,,,"1,377"
41,Sweden,"2,573,548",,"19,974 ",,"2,530,736",,"22,838",13,"251,405","1,951","18,889,790","1,845,311","10,236,645 ",Europe,45121,,,"2,231"
42,Iraq,"2,458,509",,"25,348 ",,"2,431,657",,"1,504",21,"58,269",601,"19,239,264","455,991","42,192,211 ",Asia,"171,6652",,,36
43,Serbia,"2,307,305",,"16,786 ",,"2,226,920",,"63,599",27,"266,413","1,938","10,771,533","1,243,734","8,660,640 ",Europe,45161,,,"7,343"
44,Hungary,"2,058,847",,"47,367 ",,"1,976,808",,"34,672",17,"214,310","4,931","11,394,556","1,186,085","9,606,865 ",Europe,52031,,,"3,609"
45,Bangladesh,"2,014,077",,"29,330 ",,"1,958,047",,"26,700","1,331","11,969",174,"14,785,454","87,868","168,269,264 ",Asia,"845,73711",,,159
46,Singapore,"1,854,455",,"1,601 ",,"1,775,622",,"77,232",10,"311,635",269,"24,345,019","4,091,103","5,950,723 ",Asia,"33,7170",,,"12,979"
47,Slovakia,"1,836,431",,"20,379 ",,"1,812,312",,"3,740",22,"336,010","3,729","7,275,960","1,331,275","5,465,409 ",Europe,32681,,,684
48,New Zealand,"1,756,443","+1,548","2,817 ",+9,"1,742,997","+1,884","10,629",,"351,141",563,"7,508,160","1,501,002","5,002,100 ",Australia/Oceania,"31,7761",309,2,"2,125"
49,Jordan,"1,738,867",,"14,114 ",,"1,721,850",,"2,903",59,"166,812","1,354","17,148,002","1,645,029","10,424,134 ",Asia,67391,,,278
50,Georgia,"1,735,682",,"16,889 ",,"1,637,293",,"81,500",,"436,928","4,252","16,920,079","4,259,335","3,972,470 ",Asia,22350,,,"20,516"
51,Ireland,"1,659,034",,"7,829 ",,"1,642,353",,"8,852",11,"327,993","1,548","12,656,618","2,502,231","5,058,133 ",Europe,36460,,,"1,750"
52,Hong Kong,"1,623,078",,"9,769 ",,"1,357,149",,"256,160",14,"212,732","1,280","54,352,132","7,123,777","7,629,679 ",Asia,57810,,,"33,574"
53,Pakistan,"1,570,538",,"30,594 ",,"1,531,183",,"8,761",119,"6,821",133,"30,222,017","131,256","230,252,171 ",Asia,"1477,5268",,,38
54,Norway,"1,460,826",,"4,004 ",,"1,455,269",,"1,553",20,"264,944",726,"11,002,430","1,995,463","5,513,724 ",Europe,"41,3771",,,282
55,Kazakhstan,"1,391,161",+253,"13,685 ",,"1,361,064",,"16,412",24,"72,205",710,"11,575,012","600,776","19,266,766 ",Asia,"141,4082",13,,852
56,Finland,"1,271,516",,"5,768 ",,"1,240,450",,"25,298",21,"228,711","1,038","11,421,717","2,054,453","5,559,493 ",Europe,49640,,,"4,550"
57,Morocco,"1,264,609",,"16,275 ",,"1,248,072",,262,293,"33,398",430,"12,494,110","329,963","37,865,154 ",Africa,"302,3273",,,7
58,Bulgaria,"1,247,215",,"37,638 ",,"1,198,427",,"11,150",39,"182,490","5,507","10,469,115","1,531,819","6,834,435 ",Europe,51821,,,"1,631"
59,Lithuania,"1,224,515",,"9,296 ",,"1,198,147",,"17,072",7,"463,913","3,522","10,128,629","3,837,273","2,639,538 ",Europe,22840,,,"6,468"
60,Croatia,"1,218,663",,"16,772 ",,"1,196,981",,"4,910",11,"300,899","4,141","5,161,769","1,274,486","4,050,080 ",Europe,32411,,,"1,212"
61,Lebanon,"1,212,025",,"10,642 ",,"1,087,587",,"113,796",186,"179,325","1,575","4,795,578","709,530","6,758,808 ",Asia,66351,,,"16,837"
62,Tunisia,"1,144,824",,"29,238 ",,N/A,N/A,N/A,99,"94,704","2,419","4,927,472","407,618","12,088,444 ",Africa,114132,,,"1,460"
63,Slovenia,"1,138,287",,"6,789 ",,"1,110,788",,"20,710",13,"547,369","3,265","2,727,141","1,311,402","2,079,561 ",Europe,23061,,,"9,959"
64,Cuba,"1,110,808",,"8,530 ",,"1,102,100",,178,23,"98,201",754,"14,064,773","1,243,400","11,311,540 ",North America,"101,3261",,,16
65,Guatemala,"1,108,779",,"19,626 ",,"1,084,674",,"4,479",5,"59,488","1,053","5,702,082","305,926","18,638,762 ",North America,179503,,,240
66,Bolivia,"1,105,236",,"22,212 ",,"1,037,679",,"45,345",220,"91,946","1,848","2,705,422","225,068","12,020,465 ",South America,115414,,,"3,772"
67,Costa Rica,"1,058,467",,"8,867 ",,"860,711",,"188,889",52,"203,723","1,707","4,659,757","896,865","5,195,608 ",North America,55861,,,"36,356"
68,UAE,"1,018,779",,"2,342 ",,"998,341",,"18,096",,"100,361",231,"185,966,850","18,319,796","10,151,142 ",Asia,"104,3340",,,"1,783"
69,Nepal,"998,432",,"12,010 ",,"983,949",,"2,473",,"32,973",397,"5,903,641","194,966","30,280,390 ",Asia,"302,5215",,,82
70,Ecuador,"997,791",,"35,873 ",,"955,982","+1,195","5,936",759,"54,741","1,968","3,082,403","169,106","18,227,654 ",South America,185086,,,326
71,Belarus,"994,037",,"7,118 ",,"985,592",,"1,327",,"105,272",754,"13,646,641","1,445,229","9,442,545 ",Europe,"91,3271",,,141
72,Panama,"981,822",,"8,480 ",,"968,108",,"5,234",16,"219,992","1,900","6,976,985","1,563,302","4,462,981 ",North America,55261,,,"1,173"
73,Uruguay,"981,186",,"7,455 ",,"971,994",,"1,737",18,"280,340","2,130","6,114,822","1,747,097","3,499,989 ",South America,44691,,,496
74,Mongolia,"980,442",,"2,179 ",,"974,572",,"3,691",192,"288,918",642,"4,030,048","1,187,582","3,393,491 ",Asia,"31,5571",,,"1,088"
75,Latvia,"904,983",,"5,956 ",,"887,679",,"11,348",6,"491,637","3,236","7,560,650","4,107,361","1,840,756 ",Europe,23090,,,"6,165"
76,Azerbaijan,"816,985",,"9,843 ",,"804,115",,"3,027",,"79,023",952,"7,184,639","694,936","10,338,568 ",Asia,"131,0501",,,293
77,Saudi Arabia,"814,192",,"9,312 ",,"801,370",,"3,510",39,"22,618",259,"44,173,879","1,227,156","35,996,958 ",Asia,"443,8661",,,98
78,Paraguay,"715,569",,"19,494 ",,"694,192",,"1,883",7,"97,706","2,662","2,657,506","362,863","7,323,708 ",South America,103763,,,257
79,Bahrain,"673,314",,"1,518 ",,"670,178",,"1,618",1,"367,796",829,"10,303,771","5,628,403","1,830,674 ",Asia,"31,2060",,,884
80,Sri Lanka,"670,341",,"16,724 ",,"652,979",,638,,"31,021",774,"6,486,117","300,157","21,609,097 ",Asia,"321,2923",,,30
81,Kuwait,"657,745",,"2,563 ",,"654,870",,312,3,"149,203",581,"8,350,287","1,894,182","4,408,386 ",Asia,"71,7201",,,71
82,Dominican Republic,"640,064",,"4,384 ",,"634,640",,"1,040",19,"57,740",395,"3,631,917","327,635","11,085,258 ",North America,"172,5293",,,94
83,Palestine,"620,371",,"5,402 ",,"606,702",,"8,267",17,"115,736","1,008","3,078,533","574,330","5,360,212 ",Asia,99922,,,"1,542"
84,Myanmar,"616,210",,"19,442 ",,"594,071",,"2,697",,"11,162",352,"8,814,237","159,662","55,205,544 ",Asia,"902,8396",,,49
85,Estonia,"598,580",,"2,657 ",,"524,990",,"70,933",2,"450,575","2,000","3,511,494","2,643,240","1,328,481 ",Europe,25000,,,"53,394"
86,Moldova,"579,054",,"11,783 ",,"504,142",,"63,129",49,"144,276","2,936","3,216,305","801,368","4,013,520 ",Europe,73411,,,"15,729"
87,Cyprus,"578,030",,"1,172 ",,"572,647",+305,"4,211",60,"471,271",956,"9,572,310","7,804,358","1,226,534 ",Asia,"21,0470",,,"3,433"
88,Venezuela,"543,204",,"5,804 ",,"535,759",,"1,641",36,"19,221",205,"3,359,014","118,860","28,260,265 ",South America,"524,8698",,,58
89,Egypt,"515,645",,"24,613 ",,"442,182",,"48,850",122,"4,840",231,"3,693,367","34,664","106,546,324 ",Africa,"2074,32929",,,458
90,Libya,"506,881",,"6,437 ",,"500,418",,26,101,"71,642",910,"2,480,540","350,598","7,075,175 ",Africa,"141,0993",,,4
91,Ethiopia,"493,316",,"7,572 ",,"471,694",,"14,050",4,"4,071",62,"5,221,550","43,090","121,178,177 ",Africa,"24616,00323",,,116
92,Réunion,"463,155",,874 ,,"418,572",,"43,709",10,"509,381",961,"1,603,660","1,763,715","909,251 ",Africa,"21,0401",,,"48,071"
93,Honduras,"454,779",,"10,989 ",,N/A,N/A,N/A,105,"44,376","1,072","1,509,607","147,302","10,248,355 ",North America,239337,,,"30,370"
94,Armenia,"436,727",,"8,662 ",,"423,359",,"4,706",,"146,783","2,911","3,191,200","1,072,556","2,975,323 ",Asia,73431,,,"1,582"
95,Qatar,"434,153",,681 ,,"428,756",,"4,716",3,"154,624",243,"3,893,405","1,386,637","2,807,805 ",Asia,"64,1231",,,"1,680"
96,Oman,"397,846",,"4,260 ",,"384,669",,"8,917",2,"73,811",790,"25,000,000","4,638,167","5,390,060 ",Asia,"141,2650",,,"1,654"
97,Bosnia and Herzegovina,"396,873",,"16,086 ",,"375,436",,"5,351",,"122,630","4,970","1,848,636","571,213","3,236,334 ",Europe,82012,,,"1,653"
98,North Macedonia,"341,370",,"9,503 ",,"330,602",,"1,265",,"163,869","4,562","2,120,873","1,018,091","2,083,187 ",Europe,62191,,,607
99,Kenya,"338,271",,"5,674 ",,"332,499",,98,2,"6,002",101,"3,864,749","68,577","56,356,059 ",Africa,"1679,93215",,,2
100,Zambia,"333,180",,"4,017 ",,"328,810",,353,1,"17,079",206,"3,711,561","190,262","19,507,603 ",Africa,"594,8565",,,18
101,Albania,"330,687",,"3,583 ",,"324,059",,"3,045",,"115,184","1,248","1,941,032","676,095","2,870,945 ",Europe,98011,,,"1,061"
102,Botswana,"325,911",,"2,778 ",,"322,955",,178,1,"132,741","1,131","2,026,898","825,538","2,455,244 ",Africa,88841,,,72
103,Luxembourg,"288,658",,"1,123 ",,"283,668",,"3,867",,"445,322","1,732","4,402,293","6,791,555","648,201 ",Europe,25770,,,"5,966"
104,Montenegro,"276,929",,"2,778 ",,"272,960",,"1,191",6,"440,802","4,422","2,604,146","4,145,152","628,239 ",Europe,22260,,,"1,896"
105,Algeria,"270,507",,"6,879 ",,"182,144",,"81,484",6,"5,935",151,"230,861","5,065","45,578,976 ",Africa,"1686,626197",,,"1,788"
106,Nigeria,"264,299",,"3,154 ",,"257,629",,"3,516",11,"1,216",15,"5,441,162","25,041","217,289,627 ",Africa,"82268,89340",,,16
107,Zimbabwe,"256,834",,"5,596 ",,"251,055",,183,12,"16,748",365,"2,489,960","162,371","15,335,043 ",Africa,"602,7406",,,12
108,Uzbekistan,"243,893",,"1,637 ",,"241,486",,770,23,"7,064",47,"1,377,915","39,908","34,527,638 ",Asia,"14221,09225",,,22
109,Mozambique,"230,150",,"2,221 ",,"227,842",,87,11,"6,939",67,"1,371,127","41,341","33,166,537 ",Africa,"14414,93324",,,3
110,Brunei ,"223,059",,225 ,,"219,561",,"3,273",3,"499,439",504,"717,784","1,607,151","446,619 ",Asia,"21,9851",,,"7,328"
111,Martinique,"219,529",,"1,036 ",,N/A,N/A,N/A,8,"585,989","2,765","828,928","2,212,658","374,630 ",North America,23620,,,"582,946"
112,Laos,"214,835",+94,757 ,,N/A,N/A,N/A,,"28,622",101,"1,233,207","164,298","7,505,933 ",Asia,"359,9156",13,,"27,501"
113,Kyrgyzstan,"205,835",,"2,991 ",,"196,406",,"6,438",131,"30,453",443,"1,907,195","282,168","6,759,078 ",Asia,"332,2604",,,952
114,Iceland,"205,009",,213 ,,N/A,N/A,N/A,2,"592,385",615,"1,996,384","5,768,662","346,074 ",Europe,"21,6250",,,"373,073"
115,El Salvador,"201,785",,"4,226 ",,"179,410",,"18,149",8,"30,771",644,"2,610,114","398,029","6,557,598 ",North America,"321,5523",,,"2,768"
116,Afghanistan,"195,298",,"7,786 ",,"173,127",,"14,385","1,124","4,782",191,"1,079,297","26,426","40,841,579 ",Asia,"2095,24638",,,352
117,Guadeloupe,"191,997",,986 ,,N/A,N/A,N/A,19,"479,665","2,463","938,039","2,343,498","400,273 ",North America,24060,,,"471,581"
118,Maldives,"184,924",,308 ,,"163,687",,"20,929",25,"329,445",549,"2,213,831","3,943,980","561,319 ",Asia,"31,8220",,,"37,285"
119,Trinidad and Tobago,"180,549",,"4,166 ",,"171,062",,"5,321",18,"128,106","2,956","825,178","585,493","1,409,373 ",North America,83382,,,"3,775"
120,Uganda,"169,396",,"3,628 ",,"100,431",,"65,337",3,"3,465",74,"3,012,408","61,611","48,893,833 ",Africa,"28913,47716",,,"1,336"
121,Namibia,"169,253",,"4,065 ",,"164,813",,375,,"64,079","1,539","1,062,663","402,323","2,641,319 ",Africa,166502,,,142
122,Ghana,"168,580",,"1,459 ",,"167,080",,41,2,"5,189",45,"2,496,486","76,842","32,488,380 ",Africa,"19322,26813",,,1
123,Jamaica,"150,401",,"3,269 ",,"97,212",,"49,920",,"50,312","1,094","1,173,864","392,681","2,989,361 ",North America,209143,,,"16,699"
124,Cambodia,"137,689",,"3,056 ",,"134,553",,80,,"7,994",177,"3,053,860","177,304","17,223,851 ",Asia,"1255,6366",,,5
125,Rwanda,"132,471",,"1,466 ",,"130,901",,104,,"9,703",107,"5,775,188","423,001","13,652,903 ",Africa,"1039,3132",,,8
126,Cameroon,"121,652",,"1,935 ",,"118,616",,"1,101",13,"4,347",69,"1,751,774","62,590","27,987,933 ",Africa,"23014,46416",,,39
127,Malta,"114,206",,802 ,,"112,917",,487,4,"257,158","1,806","2,048,751","4,613,182","444,108 ",Europe,45540,,,"1,097"
128,Angola,"102,636",,"1,917 ",,"100,437",,282,,"2,924",55,"1,499,795","42,732","35,097,633 ",Africa,"34218,30923",,,8
129,Barbados,"101,747",,556 ,,"100,534",,657,,"353,114","1,930","758,505","2,632,400","288,142 ",North America,35180,,,"2,280"
130,French Guiana,"93,837",,409 ,,"11,254",,"82,174",3,"297,351","1,296","651,257","2,063,702","315,577 ",South America,37720,,,"260,393"
131,DRC,"92,711",,"1,405 ",,"83,504",,"7,802",,971,15,"846,704","8,866","95,504,077 ",Africa,"1,03067,974113",,,82
132,Channel Islands,"90,046",,198 ,,"89,443",,405,,"507,705","1,116","1,252,808","7,063,684","177,359 ",Europe,28960,,,"2,284"
133,Senegal,"88,153",,"1,968  ",,"86,048",,137,,"4,978",111,"1,146,543","64,751","17,706,884 ",Africa,"2018,99715",,,8
134,Malawi,"87,927",,"2,679 ",,"84,928",,320,67,"4,351",133,"612,435","30,305","20,208,754 ",Africa,"2307,54333",,,16
135,Ivory Coast,"86,885",,821 ,,"86,031",,33,,"3,125",30,"1,616,357","58,134","27,803,787 ",Africa,"32033,86617",,,1
136,Suriname,"81,057",,"1,384 ",,"49,614",,"30,059",,"135,524","2,314","238,929","399,480","598,100 ",South America,74323,,,"50,257"
137,French Polynesia,"76,520",,649 ,,N/A,N/A,N/A,7,"269,010","2,282",,,"284,450 ",Australia/Oceania,4438,,,"148,958"
138,New Caledonia,"73,989",,314 ,,"73,421",,254,9,"253,834","1,077","98,964","339,515","291,486 ",Australia/Oceania,49283,,,871
139,Eswatini,"73,368",,"1,422 ",,"71,923",,23,11,"61,842","1,199","1,043,970","879,968","1,186,373 ",Africa,168341,,,19
140,Guyana,"71,150",,"1,279 ",,"69,674",,197,,"89,516","1,609","690,131","868,274","794,831 ",South America,116211,,,248
141,Belize,"68,452",,680 ,,"67,626",,146,6,"165,591","1,645","576,016","1,393,430","413,380 ",North America,66081,,,353
142,Fiji,"68,195",,878 ,,"66,202",,"1,115",,"74,889",964,"657,391","721,918","910,617 ",Australia/Oceania,"131,0371",,,"1,224"
143,Madagascar,"66,640",,"1,410 ",,"65,196",,34,2,"2,279",48,"511,408","17,487","29,244,601 ",Africa,"43920,74157",,,1
144,Sudan,"63,270",,"4,961 ",,N/A,N/A,N/A,,"1,373",108,"562,941","12,216","46,083,529 ",Africa,"7289,28982",,,390
145,Mauritania,"62,773",,993 ,,"61,762",,18,,"12,768",202,"955,766","194,404","4,916,383 ",Africa,"784,9515",,,4
146,Cabo Verde,"62,331",,410 ,,"61,858",,63,23,"109,513",720,"401,622","705,636","569,163 ",Africa,"91,3881",,,111
147,Bhutan,"61,233",,21 ,,"61,145",,67,,"77,496",27,"2,303,734","2,915,580","790,146 ",Asia,"1337,6260",,,85
148,Syria,"57,129",,"3,163 ",,"53,681",,285,,"3,100",172,"146,269","7,937","18,428,439 ",Asia,"3235,826126",,,15
149,Burundi,"49,370",,38 ,,"48,578",,754,,"3,899",3,"345,742","27,302","12,663,700 ",Africa,"257333,25537",,,60
150,Gabon,"48,655",,306 ,,"48,219",,130,,"20,790",131,"1,614,691","689,937","2,340,345 ",Africa,"487,6481",,,56
151,Seychelles,"46,175",,169 ,,"45,890",,116,,"463,256","1,696",,,"99,675 ",Africa,2590,,,"1,164"
152,Andorra,"46,113",,155 ,,"45,890",,68,14,"594,738","1,999","249,838","3,222,261","77,535 ",Europe,25000,,,877
153,Curaçao,"45,127",,282 ,,"44,720",,125,3,"272,577","1,703","496,693","3,000,133","165,557 ",North America,45870,,,755
154,Papua New Guinea,"44,900",,664 ,,"43,982",,254,7,"4,819",71,"249,149","26,742","9,316,866 ",Australia/Oceania,"20814,03137",,,27
155,Aruba,"42,914",,227 ,,"42,438",,249,2,"398,255","2,107","177,885","1,650,828","107,755 ",North America,34751,,,"2,311"
156,Mauritius,"40,299",,"1,022 ",,"38,573",,704,,"31,573",801,"358,675","281,012","1,276,371 ",Africa,"321,2494",,,552
157,Mayotte,"40,095",,187 ,,N/A,N/A,N/A,,"139,616",651,"176,919","616,056","287,180 ",Africa,"71,5362",,,"128,644"
158,Tanzania,"39,168",,845 ,,N/A,N/A,N/A,7,617,13,,,"63,447,530 ",Africa,"1,62075,086",,,601
159,Togo,"38,581",,284 ,,"38,141",,156,,"4,433",33,"787,602","90,507","8,702,158 ",Africa,"22630,64111",,,18
160,Isle of Man,"38,008",,116 ,,N/A,N/A,N/A,,"441,876","1,349","150,753","1,752,636","86,015 ",Europe,27421,,,"129,024"
161,Guinea,"37,652",,449 ,,"36,880",,323,8,"2,707",32,"660,107","47,455","13,910,219 ",Africa,"36930,98021",,,23
162,Bahamas,"37,101",,823 ,,"35,923",,355,1,"92,419","2,050","248,846","619,880","401,442 ",North America,114882,,,884
163,Faeroe Islands,"34,658",,28 ,,N/A,N/A,N/A,5,"703,459",568,"778,000","15,791,183","49,268 ",Europe,"11,7600",,,"546,744"
164,Lesotho,"34,287",,704 ,,"25,811",,"7,772",,"15,733",323,"431,221","197,871","2,179,299 ",Africa,"643,0965",,,"3,566"
165,Haiti,"33,551",,841 ,,"30,845",,"1,865",,"2,866",72,"132,422","11,312","11,705,828 ",North America,"34913,91988",,,159
166,Mali,"31,998",,739 ,,"30,662",,597,,"1,487",34,"746,896","34,701","21,523,833 ",Africa,"67329,12629",,,28
167,Cayman Islands,"30,214",,29 ,,"8,553",,"21,632",1,"448,239",430,"222,773","3,304,943","67,406 ",North America,"22,3240",,,"320,921"
168,Saint Lucia,"28,894",,391 ,,"28,369",,134,,"155,798","2,108","209,716","1,130,801","185,458 ",North America,64741,,,723
169,Benin,"27,490",,163 ,,"27,217",,110,5,"2,145",13,"604,310","47,152","12,816,193 ",Africa,"46678,62721",,,9
170,Somalia,"27,020",,"1,350 ",,"13,182",,"12,488",,"1,603",80,"400,466","23,751","16,860,933 ",Africa,"62412,49042",,,741
171,Congo,"24,837",,386 ,,"24,006",,445,,"4,272",66,"347,815","59,819","5,814,497 ",Africa,"23415,06317",,,77
172,Timor-Leste,"23,163",,138 ,,"22,981",,44,,"16,867",100,"275,776","200,821","1,373,243 ",Asia,"599,9515",,,32
173,Solomon Islands,"21,544",,153 ,,"16,357",,"5,034",1,"29,772",211,"5,117","7,071","723,644 ",Australia/Oceania,"344,730141",,,"6,956"
174,Burkina Faso,"21,128",,387 ,,"20,632",,109,,954,17,"248,995","11,239","22,154,208 ",Africa,"1,04957,24689",,,5
175,San Marino,"20,456",,118 ,,"20,248",,90,4,"600,111","3,462","157,634","4,624,461","34,087 ",Europe,22890,,,"2,640"
176,Gibraltar,"20,069",,108 ,,"16,579",,"3,382",,"596,068","3,208","534,283","15,868,692","33,669 ",Europe,23120,,,"100,448"
177,Grenada,"19,403",,236 ,,"19,058",,109,4,"170,711","2,076","177,860","1,564,843","113,660 ",North America,64821,,,959
178,Liechtenstein,"19,285",,86 ,,"19,064",,135,2,"502,646","2,242","102,174","2,663,070","38,367 ",Europe,24460,,,"3,519"
179,Nicaragua,"18,491",,225 ,,"4,225",,"14,041",,"2,721",33,,,"6,796,527 ",North America,"36830,207",,,"2,066"
180,Bermuda,"18,019",,148 ,,"17,749",,122,,"291,683","2,396","993,041","16,074,867","61,776 ",North America,34170,,,"1,975"
181,South Sudan,"17,823",,138 ,,"17,335",,350,1,"1,553",12,"410,280","35,738","11,480,076 ",Africa,"64483,18928",,,30
182,Tajikistan,"17,786",,125 ,,"17,264",,397,,"1,778",12,,,"10,005,140 ",Asia,"56380,041",,,40
183,Equatorial Guinea,"16,964",,183 ,,"16,647",,134,5,"11,282",122,"365,697","243,216","1,503,589 ",Africa,"898,2164",,,89
184,Tonga,"16,182",,12 ,,"15,638",,532,,"149,406",111,"535,009","4,939,654","108,309 ",Australia/Oceania,"79,0260",,,"4,912"
185,Samoa,"15,839",,29 ,,"1,605",,"14,205",4,"78,687",144,"187,397","930,980","201,290 ",Australia/Oceania,"136,9411",,,"70,570"
186,Djibouti,"15,690",,189 ,,"15,427",,74,,"15,392",185,"305,941","300,133","1,019,351 ",Africa,"655,3933",,,73
187,Marshall Islands,"15,071",,17 ,,"14,774",,280,22,"250,928",283,,,"60,061 ",Australia/Oceania,"43,533",,,"4,662"
188,CAR,"14,883",,113 ,,"14,520",,250,2,"2,969",23,"81,294","16,217","5,013,011 ",Africa,"33744,36362",,,50
189,Dominica,"14,852",,68 ,,"14,554",,230,,"205,206",940,"210,195","2,904,209","72,376 ",North America,"51,0640",,,"3,178"
190,Monaco,"14,424",,57 ,,"14,326",,41,4,"361,966","1,430","77,770","1,951,617","39,849 ",Europe,36991,,,"1,029"
191,Gambia,"12,311",,371 ,,"11,788",,152,,"4,800",145,"155,686","60,700","2,564,842 ",Africa,"2086,91316",,,59
192,Greenland,"11,971",,21 ,,"2,761",,"9,189",4,"210,073",369,"164,926","2,894,200","56,985 ",North America,"52,7140",,,"161,253"
193,Saint Martin,"11,941",,63 ,,"1,399",,"10,479",7,"297,743","1,571","112,382","2,802,194","40,105 ",North America,36370,,,"261,289"
194,Yemen,"11,932",,"2,155 ",,"9,119",,658,23,382,69,"329,592","10,544","31,259,491 ",Asia,"2,62014,50695",,,21
195,Vanuatu,"11,902",,14 ,,"11,810",,78,,"36,870",43,"24,976","77,371","322,808 ",Australia/Oceania,"2723,05813",,,242
196,Caribbean Netherlands,"11,033",,35 ,,"10,476",,522,,"412,372","1,308","30,126","1,125,995","26,755 ",North America,27641,,,"19,510"
197,Sint Maarten,"10,847",,87 ,,"10,750",,10,10,"246,871","1,980","62,056","1,412,354","43,938 ",North America,45051,,,228
198,Eritrea,"10,158",,103 ,,"10,051",,4,,"2,780",28,"23,693","6,485","3,653,523 ",Africa,"36035,471154",,,1
199,Niger,"9,931",,312 ,,"8,879",,740,1,380,12,"254,538","9,745","26,119,293 ",Africa,"2,63083,716103",,,28
200,Antigua and Barbuda,"8,974",,145 ,,"8,794",,35,1,"90,012","1,454","18,901","189,583","99,698 ",North America,116885,,,351
201,Guinea-Bissau,"8,796",,175 ,,"8,301",,320,6,"4,250",85,"145,231","70,177","2,069,508 ",Africa,"23511,82614",,,155
202,Comoros,"8,455",,161 ,,"8,281",,13,,"9,291",177,,,"910,025 ",Africa,"1085,652",,,14
203,Liberia,"7,898",,294 ,,"7,482",,122,2,"1,485",55,"139,824","26,297","5,317,102 ",Africa,"67318,08538",,,23
204,Micronesia,"7,856",,27 ,,147,,"7,682",1,"66,772",229,"21,923","186,335","117,654 ",Australia/Oceania,"154,3585",,,"65,293"
205,Sierra Leone,"7,749",,126 ,,N/A,N/A,N/A,,930,15,"259,958","31,204","8,330,983 ",Africa,"1,07566,11932",,,331
206,Chad,"7,549",,193 ,,"4,874",,"2,482",,432,11,"191,341","10,962","17,454,544 ",Africa,"2,31290,43891",,,142
207,British Virgin Islands,"7,291",,64 ,,N/A,N/A,N/A,1,"237,724","2,087","107,243","3,496,674","30,670 ",North America,44790,,,750
208,St. Vincent Grenadines,"7,112",,115 ,,"6,641",,356,,"63,665","1,029","100,856","902,846","111,709 ",North America,169711,,,"3,187"
209,Saint Kitts and Nevis,"6,524",,46 ,,"6,466",,12,,"120,770",852,"124,861","2,311,385","54,020 ",North America,"81,1740",,,222
210,Cook Islands,"6,380",,1 ,,"6,369",,10,,"362,521",57,"19,690","1,118,814","17,599 ",Australia/Oceania,"317,5991",,,568
211,Turks and Caicos,"6,372",,36 ,,"6,294",,42,4,"159,860",903,"549,718","13,791,219","39,860 ",North America,"61,1070",,,"1,054"
212,Sao Tome and Principe,"6,177",,76 ,,"6,077",,24,,"27,087",333,"29,036","127,329","228,040 ",Africa,"373,0018",,,105
213,Palau,"5,403",,6 ,,"5,336",,61,1,"295,537",328,"64,461","3,525,927","18,282 ",Australia/Oceania,"33,0470",,,"3,337"
214,St. Barth,"5,263",,6 ,,N/A,N/A,N/A,,"529,317",603,"78,646","7,909,685","9,943 ",North America,"21,6570",,,"482,249"
215,Nauru,"4,611",,1 ,,"4,605",,5,,"420,213",91,"20,509","1,869,042","10,973 ",Australia/Oceania,"210,9731",,,456
216,Anguilla,"3,851",,12 ,,"3,821",,18,4,"251,782",785,"51,382","3,359,398","15,295 ",North America,"41,2750",,,"1,177"
217,Kiribati,"3,430",,13 ,,"2,703",,714,3,"27,785",105,,,"123,448 ",Australia/Oceania,"369,496",,,"5,784"
218,Saint Pierre Miquelon,"3,131",,1 ,,"2,449",,681,1,"546,232",174,"24,902","4,344,382","5,732 ",North America,"25,7320",,,"118,807"
219,Falkland Islands,"1,886",, ,,"1,881",,5,,"509,592",,"8,632","2,332,343","3,701 ",South America,20,,,"1,351"
220,Montserrat,"1,229",,8 ,,"1,119",,102,,"245,849","1,600","16,657","3,332,066","4,999 ",North America,46250,,,"20,404"
221,Macao,793,,6 ,,787,,0,,"1,186",9,"7,850","11,740","668,650 ",Asia,"843111,44285",,,
222,Wallis and Futuna,761,,7 ,,438,,316,,"70,398",648,"20,508","1,897,132","10,810 ",Australia/Oceania,"141,5441",,,"29,232"
223,Diamond Princess,712,,13 ,,699,,0,,,,,, ,,,,,
224,Niue,74,, ,,69,,5,,"44,848",,,,"1,650 ",Australia/Oceania,22,,,"3,030"
225,Vatican City,29,, ,,29,,0,,"36,025",,,,805 ,Europe,28,,,
226,Tuvalu,20,, ,,,,20,,"1,652",,,,"12,110 ",Australia/Oceania,606,,,"1,652"
227,Western Sahara,10,,1 ,,9,,0,,16,2,,,"629,390 ",Africa,"62,939629,390",,,
228,MS Zaandam,9,,2 ,,7,,0,,,,,, ,,,,,
229,Saint Helena,7,, ,,2,,5,,"1,145",,,,"6,116 ",Africa,874,,,818
230,China,"246,328",+301,"5,226 ",,"234,876",+336,"6,226",38,171,4,"160,000,000","111,163","1,439,323,776 ",Asia,"5,843275,4169",0.2,,4
